Source	Target
I1L 	 I2L         
I1L 	 M3L         
I1L 	 MCR         
I1L 	 NSML        
I1L 	 pm4vl       
I1L 	 RIPL        
I1R 	 I2R         
I1R 	 I3          
I1R 	 MCR         
I1R 	 NSMR        
I1R 	 pm3vr       
I1R 	 pm4vr       
I1R 	 RIPR        
I2L 	 I1L         
I2L 	 I4          
I2L 	 M2L         
I2R 	 I1R         
I2R 	 M1          
I2R 	 M2R         
I2R 	 MCR         
I2R 	 NSMR        
I3 	 I1R         
I3 	 M1          
I3 	 MI          
I3 	 pm4d        
I3 	 pm5d        
I4 	 I2L         
I4 	 M2R         
I4 	 M4          
I4 	 pm5vl       
I5 	 M2L         
I5 	 M2R         
I5 	 M5          
I6 	 M4          
M1 	 I2R         
M1 	 I3          
M1 	 pm5d        
M2L 	 I2L         
M2L 	 I5          
M2L 	 M4          
M2L 	 MCL         
M2L 	 pm4vl       
M2L 	 pm5vl       
M2R 	 I2R         
M2R 	 I4          
M2R 	 I5          
M2R 	 M3R         
M2R 	 MCR         
M2R 	 MI          
M2R 	 pm5d        
M3L 	 I1L         
M3L 	 NSMR        
M3L 	 pm4d        
M3L 	 pm5d        
M3L 	 pm5vl       
M3R 	 M2R         
M3R 	 NSMR        
M3R 	 pm4vr       
M3R 	 pm5d        
M3R 	 pm5vr       
M4 	 I4          
M4 	 I6          
M4 	 M2L         
M4 	 M4          
M4 	 M5          
M4 	 pm5d        
M4 	 pm5vl       
M4 	 pm5vr       
M5 	 I5          
M5 	 M4          
M5 	 M5          
M5 	 pm5vl       
M5 	 pm6vr       
MCL 	 M2L         
MCR 	 I1L         
MCR 	 I1R         
MCR 	 I2R         
MCR 	 M2R         
MI 	 I3          
MI 	 M2R         
MI 	 pm4d        
NSML 	 I1L         
NSML 	 NSMR        
NSMR 	 I1R         
NSMR 	 I2R         
NSMR 	 M3L         
NSMR 	 M3R         
NSMR 	 NSML        
NSMR 	 pm5d        
pm1d 	 pm2d        
pm1vl 	 pm2vl       
pm1vr 	 pm2vr       
pm2d 	 pm1d        
pm2d 	 pm3d        
pm2vl 	 pm1vl       
pm2vl 	 pm3vl       
pm2vr 	 pm1vr       
pm2vr 	 pm3vr       
pm3d 	 pm2d        
pm3d 	 pm4d        
pm3d 	 mc1dl       
pm3d 	 mc1dr       
pm3vl 	 pm2vl       
pm3vl 	 pm4vl       
pm3vl 	 mc1dl       
pm3vl 	 mc1v        
pm3vr 	 I1R         
pm3vr 	 pm2vr       
pm3vr 	 pm4vr       
pm3vr 	 mc1v        
pm4d 	 I3          
pm4d 	 M3L         
pm4d 	 MI          
pm4d 	 pm3d        
pm4d 	 pm5d        
pm4d 	 mc1dl       
pm4d 	 mc1dr       
pm4vl 	 I1L         
pm4vl 	 M2L         
pm4vl 	 pm3vl       
pm4vl 	 pm5vl       
pm4vl 	 mc1dl       
pm4vl 	 mc1v        
pm4vr 	 I1R         
pm4vr 	 M3R         
pm4vr 	 pm3vr       
pm4vr 	 pm5vr       
pm4vr 	 mc1dr       
pm4vr 	 mc1v        
pm5d 	 I3          
pm5d 	 M1          
pm5d 	 M2R         
pm5d 	 M3L         
pm5d 	 M3R         
pm5d 	 M4          
pm5d 	 NSMR        
pm5d 	 pm4d        
pm5d 	 pm6d        
pm5d 	 mc2dl       
pm5d 	 mc2dr       
pm5vl 	 I4          
pm5vl 	 M2L         
pm5vl 	 M3L         
pm5vl 	 M4          
pm5vl 	 M5          
pm5vl 	 pm4vl       
pm5vl 	 pm6vl       
pm5vl 	 mc2dl       
pm5vl 	 mc2v        
pm5vr 	 M3R         
pm5vr 	 M4          
pm5vr 	 pm4vr       
pm5vr 	 pm6vr       
pm5vr 	 mc2dr       
pm5vr 	 mc2v        
pm6d 	 pm5d        
pm6d 	 mc3dl       
pm6d 	 mc3dr       
pm6vl 	 pm5vl       
pm6vl 	 mc3dl       
pm6vl 	 mc3v        
pm6vr 	 M5          
pm6vr 	 pm5vr       
pm6vr 	 mc3dr       
pm6vr 	 mc3v        
pm7d 	 pm8         
pm7d 	 mc3dl       
pm7d 	 mc3dr       
pm7vl 	 pm8         
pm7vl 	 mc3dl       
pm7vl 	 mc3v        
pm7vr 	 pm8         
pm7vr 	 mc3dr       
pm7vr 	 mc3v        
pm8 	 pm7d        
pm8 	 pm7vl       
pm8 	 pm7vr       
pm8 	 mc3dl       
pm8 	 mc3dr       
pm8 	 mc3v        
mc1dl 	 pm3d        
mc1dl 	 pm3vl       
mc1dl 	 pm4d        
mc1dl 	 pm4vl       
mc1dl 	 mc2dl       
mc1dr 	 pm3d        
mc1dr 	 pm4d        
mc1dr 	 pm4vr       
mc1dr 	 mc2dr       
mc1v 	 pm3vl       
mc1v 	 pm3vr       
mc1v 	 pm4vl       
mc1v 	 pm4vr       
mc2dl 	 pm5d        
mc2dl 	 pm5vl       
mc2dl 	 mc1dl       
mc2dl 	 mc3dl       
mc2dr 	 pm5d        
mc2dr 	 pm5vr       
mc2dr 	 mc1dr       
mc2dr 	 mc3dr       
mc2v 	 pm5vl       
mc2v 	 pm5vr       
mc3dl 	 pm6d        
mc3dl 	 pm6vl       
mc3dl 	 pm7d        
mc3dl 	 pm7vl       
mc3dl 	 pm8         
mc3dl 	 mc2dl       
mc3dr 	 pm6d        
mc3dr 	 pm6vr       
mc3dr 	 pm7d        
mc3dr 	 pm7vr       
mc3dr 	 pm8         
mc3dr 	 mc2dr       
mc3v 	 pm6vl       
mc3v 	 pm6vr       
mc3v 	 pm7vl       
mc3v 	 pm7vr       
mc3v 	 pm8         
ADFL 	 ASHL        
ADFL 	 AWCL        
ADFL 	 AFDL        
ADFL 	 AIZL        
ADFL 	 ADAL        
ADFL 	 RIAL        
ADFL 	 URBL        
ADFL 	 RIPL        
ADFR 	 ASGR        
ADFR 	 AWAR        
ADFR 	 AWBR        
ADFR 	 AFDR        
ADFR 	 AIAR        
ADFR 	 ADAR        
ADFR 	 RIH         
ADFR 	 SMBVR       
ADFR 	 SMDVR       
ADLL 	 ADLR        
ADLL 	 AWAL        
ADLL 	 RMGL        
ADLL 	 AVDR        
ADLL 	 hyp         
ADLR 	 ADLL        
ADLR 	 ASGR        
ADLR 	 ASKR        
ASEL 	 ASGL        
ASEL 	 AWCL        
ASEL 	 AWCR        
ASEL 	 AFDL        
ASEL 	 AFDR        
ASER 	 ASGR        
ASER 	 AWBR        
ASER 	 AFDR        
ASER 	 PVQR        
ASGL 	 ASEL        
ASGL 	 AWBL        
ASGL 	 AIZL        
ASGL 	 AIML        
ASGL 	 AINR        
ASGL 	 RIVL        
ASGR 	 ADFR        
ASGR 	 ADLR        
ASGR 	 ASER        
ASGR 	 ASIR        
ASGR 	 AWCR        
ASGR 	 AIAR        
ASGR 	 AIZR        
ASGR 	 AINL        
ASHL 	 ADFL        
ASHL 	 ASHR        
ASHL 	 ASKL        
ASHL 	 AIZL        
ASHL 	 RICL        
ASHL 	 RMGL        
ASHR 	 ASHL        
ASHR 	 ASKR        
ASHR 	 AFDR        
ASHR 	 AIAR        
ASHR 	 AIZR        
ASHR 	 ADAR        
ASHR 	 RICR        
ASHR 	 RMGR        
ASHR 	 AVHL        
ASHR 	 AVAR        
ASHR 	 AVER        
ASIL 	 AIAL        
ASIL 	 AINR        
ASIR 	 ASGR        
ASIR 	 AIAL        
ASIR 	 AIAR        
ASIR 	 AIYR        
ASJL 	 ASJR        
ASJL 	 IL2L        
ASJL 	 AIAL        
ASJL 	 ALA         
ASJL 	 PVQL        
ASJL 	 RIVL        
ASJR 	 ASJL        
ASJR 	 AIMR        
ASJR 	 PVQR        
ASKL 	 ASHL        
ASKL 	 ASKR        
ASKL 	 AIAL        
ASKL 	 AIBL        
ASKL 	 AVHL        
ASKL 	 PVQL        
ASKL 	 HSNL        
ASKR 	 ADLR        
ASKR 	 ASHR        
ASKR 	 ASKL        
ASKR 	 ASKR        
ASKR 	 AIAR        
ASKR 	 AIBR        
ASKR 	 ALA         
ASKR 	 RMGR        
ASKR 	 AVHR        
ASKR 	 PVQR        
ASKR 	 HSNR        
AWAL 	 ADLL        
AWAL 	 AWAR        
AWAL 	 AIZL        
AWAR 	 ADFR        
AWAR 	 AWAL        
AWAR 	 AIAR        
AWAR 	 AIZR        
AWBL 	 ASGL        
AWBL 	 AWBR        
AWBL 	 AUAL        
AWBL 	 AIAL        
AWBL 	 RMGL        
AWBR 	 ADFR        
AWBR 	 ASER        
AWBR 	 AWBL        
AWBR 	 AUAR        
AWBR 	 RICL        
AWBR 	 RMGR        
AWCL 	 ADFL        
AWCL 	 ASEL        
AWCL 	 AUAL        
AWCR 	 ASEL        
AWCR 	 ASGR        
AWCR 	 AFDR        
AWCR 	 AIAL        
AWCR 	 AIAR        
AFDL 	 ADFL        
AFDL 	 ASEL        
AFDL 	 AFDR        
AFDL 	 AIBL        
AFDL 	 AIYL        
AFDL 	 URBL        
AFDL 	 AVEL        
AFDR 	 ADFR        
AFDR 	 ASEL        
AFDR 	 ASER        
AFDR 	 ASHR        
AFDR 	 AWCR        
AFDR 	 AFDL        
AFDR 	 URBR        
AFDR 	 RMDVR       
IL1DL 	 IL1DR       
IL1DL 	 IL1L        
IL1DL 	 RMEV        
IL1DR 	 IL1DL       
IL1DR 	 IL1R        
IL1DR 	 RMDVR       
IL1DR 	 RMEV        
IL1L 	 IL1DL       
IL1L 	 IL1VL       
IL1L 	 URBL        
IL1L 	 RIPL        
IL1L 	 RMER        
IL1R 	 IL1DR       
IL1R 	 IL1VR       
IL1VL 	 IL1L        
IL1VL 	 IL1VR       
IL1VL 	 RMDDL       
IL1VL 	 RMED        
IL1VR 	 IL1R        
IL1VR 	 IL1VL       
IL1VR 	 IL2VR       
IL1VR 	 URAVR       
IL2DL 	 URADL       
IL2DR 	 RMED        
IL2DR 	 URADR       
IL2L 	 ASJL        
IL2L 	 OLLL        
IL2L 	 URXL        
IL2L 	 RMGL        
IL2L 	 URBL        
IL2L 	 RMDL        
IL2L 	 RMER        
IL2L 	 URAVL       
IL2R 	 URXR        
IL2R 	 RMGR        
IL2R 	 URBR        
IL2VL 	 URAVL       
IL2VR 	 IL1VR       
IL2VR 	 CEPVR       
OLQDL 	 CEPDL       
OLQDL 	 RIBL        
OLQDL 	 RIGL        
OLQDL 	 URBL        
OLQDL 	 RMDVL       
OLQDR 	 CEPDR       
OLQDR 	 RIBR        
OLQDR 	 RIGR        
OLQDR 	 RIH         
OLQDR 	 URBR        
OLQDR 	 RMDVR       
OLQVL 	 CEPVL       
OLQVL 	 ADAL        
OLQVL 	 RIBL        
OLQVL 	 RIGL        
OLQVL 	 RMDDL       
OLQVR 	 CEPVR       
OLQVR 	 RIBR        
OLQVR 	 RIGR        
OLQVR 	 URBR        
OLQVR 	 RMDVL       
OLLL 	 IL2L        
OLLL 	 OLLR        
OLLL 	 RIGL        
OLLR 	 OLLL        
OLLR 	 RIGR        
CEPDL 	 OLQDL       
CEPDR 	 OLQDR       
CEPVL 	 OLQVL       
CEPVL 	 RIH         
CEPVL 	 URAVL       
CEPVR 	 IL2VR       
CEPVR 	 OLQVR       
CEPVR 	 AIMR        
ALML 	 AVM         
ALML 	 BDUL        
ALML 	 RMGL        
ALML 	 PVR         
ALML 	 RMDDR       
ALML 	 SMBDR       
ALMR 	 AVM         
ALMR 	 BDUR        
ALMR 	 SDQR        
ALMR 	 PVR         
ALMR 	 AVDR        
AVM 	 ALML        
AVM 	 ALMR        
AVM 	 PVR         
AVM 	 AVDL        
PVM 	 PVM         
PVM 	 PDEL        
PVM 	 PDER        
PVM 	 AVKL        
PVM 	 DVA         
PVM 	 PVR         
PVM 	 DB03        
PVM 	 VD09        
PLML 	 PLNL        
PLML 	 PDEL        
PLML 	 PDER        
PLML 	 PHCL        
PLML 	 PVCL        
PLML 	 LUAL        
PLML 	 hyp         
PLMR 	 PLNR        
PLMR 	 PDEL        
PLMR 	 PDER        
PLMR 	 PVR         
PLMR 	 PVCR        
PLMR 	 LUAR        
PLMR 	 hyp         
ALNL 	 SMBDR       
ALNL 	 SMDDR       
ALNL 	 SMDVL       
ALNL 	 hyp         
ALNR 	 ADER        
ALNR 	 RMGR        
ALNR 	 PVR         
ALNR 	 SMDDL       
PLNL 	 PLML        
PLNL 	 PHAL        
PLNL 	 PHBL        
PLNL 	 PHCL        
PLNL 	 PVWL        
PLNL 	 VA02        
PLNL 	 hyp         
PLNR 	 PLMR        
PLNR 	 PHAR        
PLNR 	 PHBR        
PLNR 	 hyp         
FLPL 	 FLPR        
FLPL 	 SDQL        
FLPL 	 AIBL        
FLPL 	 RIH         
FLPL 	 AVDL        
FLPL 	 SIADR       
FLPL 	 DD01        
FLPR 	 FLPL        
FLPR 	 ADER        
FLPR 	 AVDL        
FLPR 	 AVDR        
FLPR 	 DA01        
FLPR 	 DA02        
FLPR 	 DA03        
FLPR 	 AS01        
BDUL 	 ALML        
BDUL 	 PVNL        
BDUR 	 ALMR        
BDUR 	 PVR         
BDUR 	 HSNR        
SDQL 	 FLPL        
SDQL 	 SDQR        
SDQL 	 DVA         
SDQL 	 SIADR       
SDQR 	 ALMR        
SDQR 	 SDQL        
SDQR 	 AIBL        
SDQR 	 DVA         
SDQR 	 AVBL        
SDQR 	 RIVL        
SDQR 	 RIVR        
SDQR 	 SAADL       
SDQR 	 SIAVR       
SDQR 	 SIBDL       
PVDL 	 PVDR        
PVDL 	 AVG         
PVDL 	 PVCR        
PVDL 	 AVAR        
PVDL 	 VA10        
PVDR 	 PVDL        
PVDR 	 PDER        
PVDR 	 DVC         
PVDR 	 PVCR        
PVDR 	 AVAL        
PVDR 	 VD09        
BAGL 	 BAGR        
BAGL 	 AINR        
BAGL 	 RIGL        
BAGL 	 RIGR        
BAGL 	 RIR         
BAGR 	 BAGL        
BAGR 	 RIR         
BAGR 	 AVEL        
URXL 	 IL2L        
URXL 	 RMGL        
URXR 	 IL2R        
URXR 	 AUAR        
URXR 	 RICR        
URXR 	 RMGR        
URYDL 	 RIGL        
URYDL 	 AVAL        
URYDR 	 RIGR        
URYDR 	 AVAR        
URYDR 	 URADR       
URYVL 	 RIGL        
URYVR 	 AVAL        
AQR 	 RIGR        
AQR 	 AVKL        
AQR 	 AVKR        
AQR 	 PVPL        
AQR 	 PVPR        
AQR 	 AVBL        
PQR 	 PHBL        
PQR 	 AVJL        
PQR 	 AVJR        
PQR 	 PVNL        
PQR 	 PVNR        
PQR 	 PVPL        
PQR 	 PVPR        
PQR 	 PVWL        
PQR 	 PVCL        
PQR 	 AVDL        
PQR 	 AVDR        
PQR 	 hyp         
AUAL 	 AWBL        
AUAL 	 AWCL        
AUAL 	 AUAR        
AUAL 	 AINR        
AUAL 	 RMDVL       
AUAR 	 AWBR        
AUAR 	 URXR        
AUAR 	 AUAL        
AUAR 	 AIYR        
AUAR 	 AINL        
ADEL 	 AINL        
ADEL 	 RIGR        
ADER 	 ALNR        
ADER 	 FLPR        
ADER 	 AINR        
ADER 	 AVJR        
ADER 	 AVKL        
ADER 	 PVQR        
PDEL 	 PVM         
PDEL 	 PLML        
PDEL 	 PLMR        
PDEL 	 PDER        
PDEL 	 AVKL        
PDEL 	 AVKR        
PDEL 	 DVA         
PDEL 	 PVR         
PDEL 	 PVCR        
PDEL 	 VB10        
PDEL 	 VB11        
PDEL 	 VD06        
PDER 	 PVM         
PDER 	 PLML        
PDER 	 PLMR        
PDER 	 PVDR        
PDER 	 PDEL        
PDER 	 DVA         
PDER 	 PVR         
PDER 	 PVCL        
PDER 	 VB09        
PDER 	 VB10        
PDER 	 VD09        
PDER 	 hyp         
PHAL 	 PLNL        
PHAL 	 PHAR        
PHAL 	 PHCL        
PHAL 	 AVG         
PHAL 	 AVHL        
PHAL 	 PVPR        
PHAL 	 PVQL        
PHAL 	 hyp         
PHAR 	 PLNR        
PHAR 	 PHAL        
PHAR 	 PHBR        
PHAR 	 AVG         
PHAR 	 AVHR        
PHAR 	 PVPL        
PHAR 	 PVR         
PHAR 	 PVCR        
PHAR 	 hyp         
PHBL 	 PLNL        
PHBL 	 PQR         
PHBL 	 PHBR        
PHBL 	 AVHL        
PHBL 	 AVHR        
PHBL 	 AVJR        
PHBL 	 PVQL        
PHBL 	 PVCL        
PHBL 	 AVAR        
PHBL 	 hyp         
PHBR 	 PLNR        
PHBR 	 PHAR        
PHBR 	 PHBL        
PHBR 	 PHCR        
PHBR 	 AVHL        
PHBR 	 AVHR        
PHBR 	 PVPL        
PHBR 	 PVQR        
PHBR 	 PVR         
PHBR 	 PVT         
PHBR 	 PVWR        
PHBR 	 hyp         
PHCL 	 PLML        
PHCL 	 PLNL        
PHCL 	 PHAL        
PHCL 	 PHCR        
PHCL 	 AVAL        
PHCL 	 DA08        
PHCL 	 VA12        
PHCL 	 hyp         
PHCR 	 PHBR        
PHCR 	 PHCL        
PHCR 	 AVG         
PHCR 	 AVHL        
PHCR 	 AVJR        
PHCR 	 PVCR        
PHCR 	 AVAL        
PHCR 	 AVAR        
PHCR 	 LUAR        
PHCR 	 DA09        
AIAL 	 ASIL        
AIAL 	 ASIR        
AIAL 	 ASJL        
AIAL 	 ASKL        
AIAL 	 AWBL        
AIAL 	 AWCR        
AIAL 	 AIAR        
AIAL 	 AIBL        
AIAR 	 ADFR        
AIAR 	 ASGR        
AIAR 	 ASHR        
AIAR 	 ASIR        
AIAR 	 ASKR        
AIAR 	 AWAR        
AIAR 	 AWCR        
AIAR 	 AIAL        
AIAR 	 AIAR        
AIBL 	 ASKL        
AIBL 	 AFDL        
AIBL 	 FLPL        
AIBL 	 SDQR        
AIBL 	 AIAL        
AIBL 	 AIZR        
AIBL 	 RIGR        
AIBL 	 RIS         
AIBL 	 DVC         
AIBL 	 RIMR        
AIBL 	 RMED        
AIBL 	 SIADR       
AIBL 	 SMDDR       
AIBR 	 ASKR        
AIBR 	 AIZL        
AIBR 	 RICR        
AIBR 	 RIGL        
AIBR 	 RIS         
AIBR 	 DVC         
AIBR 	 PVPL        
AIBR 	 PVT         
AIBR 	 RIML        
AIBR 	 RIVR        
AIBR 	 SIAVL       
AIBR 	 SMDDL       
AIYL 	 AFDL        
AIYL 	 AIYR        
AIYL 	 AVKL        
AIYL 	 RIML        
AIYR 	 ASIR        
AIYR 	 AUAR        
AIYR 	 AIYL        
AIYR 	 RIMR        
AIZL 	 ADFL        
AIZL 	 ASGL        
AIZL 	 ASHL        
AIZL 	 AWAL        
AIZL 	 AIBR        
AIZL 	 AIZR        
AIZL 	 RIGL        
AIZL 	 RIH         
AIZR 	 ASGR        
AIZR 	 ASHR        
AIZR 	 AWAR        
AIZR 	 AIBL        
AIZR 	 AIZL        
AIZR 	 SIBVL       
ADAL 	 ADFL        
ADAL 	 OLQVL       
ADAL 	 ADAR        
ADAL 	 PVQL        
ADAL 	 AVDR        
ADAR 	 ADFR        
ADAR 	 ASHR        
ADAR 	 ADAL        
ADAR 	 PVQR        
ADAR 	 AVDL        
AIML 	 ASGL        
AIML 	 SIBVR       
AIMR 	 ASJR        
AIMR 	 CEPVR       
AIMR 	 AVKR        
AIMR 	 SMBVR       
AINL 	 ASGR        
AINL 	 AUAR        
AINL 	 ADEL        
AINL 	 AINR        
AINR 	 ASGL        
AINR 	 ASIL        
AINR 	 BAGL        
AINR 	 AUAL        
AINR 	 ADER        
AINR 	 AINL        
AINR 	 RIAL        
ALA 	 ASJL        
ALA 	 ASKR        
ALA 	 RID         
ALA 	 AVAL        
ALA 	 AVER        
ALA 	 HSNR        
RIAL 	 ADFL        
RIAL 	 AINR        
RIAL 	 RIBL        
RIAL 	 SMDVL       
RIAR 	 RMDDL       
RIAR 	 RMDDR       
RIAR 	 SAAVR       
RIAR 	 SIAVL       
RIAR 	 SIAVR       
RIAR 	 SMDDL       
RIAR 	 SMDVR       
RIBL 	 OLQDL       
RIBL 	 OLQVL       
RIBL 	 RIAL        
RIBL 	 RIBL        
RIBL 	 RIBR        
RIBL 	 RIGL        
RIBL 	 AVBL        
RIBL 	 AVBR        
RIBL 	 RMEV        
RIBL 	 SIADL       
RIBL 	 SIAVL       
RIBL 	 SIBDL       
RIBL 	 SIBVL       
RIBL 	 SIBVR       
RIBL 	 SMDDL       
RIBR 	 OLQDR       
RIBR 	 OLQVR       
RIBR 	 RIBL        
RIBR 	 RIBR        
RIBR 	 RIGR        
RIBR 	 AVBL        
RIBR 	 AVBR        
RIBR 	 SIADR       
RIBR 	 SIAVR       
RIBR 	 SIBDR       
RIBR 	 SIBVR       
RIBR 	 SMBDR       
RIBR 	 SMDDL       
RIBR 	 SMDDR       
RICL 	 ASHL        
RICL 	 AWBR        
RICL 	 AVKR        
RICR 	 ASHR        
RICR 	 URXR        
RICR 	 AIBR        
RICR 	 RMHR        
RIFL 	 AVDL        
RIFL 	 AVER        
RIFL 	 HSNL        
RIFR 	 RMGR        
RIFR 	 AVG         
RIFR 	 AVJL        
RIFR 	 DD01        
RIGL 	 OLQDL       
RIGL 	 OLQVL       
RIGL 	 OLLL        
RIGL 	 BAGL        
RIGL 	 URYDL       
RIGL 	 URYVL       
RIGL 	 AIBR        
RIGL 	 AIZL        
RIGL 	 RIBL        
RIGL 	 RIGR        
RIGL 	 RMFL        
RIGL 	 AVKL        
RIGL 	 PVPL        
RIGL 	 RMEL        
RIGL 	 VD01        
RIGR 	 OLQDR       
RIGR 	 OLQVR       
RIGR 	 OLLR        
RIGR 	 BAGL        
RIGR 	 URYDR       
RIGR 	 AQR         
RIGR 	 ADEL        
RIGR 	 AIBL        
RIGR 	 RIBR        
RIGR 	 RIGL        
RIGR 	 RMFL        
RIGR 	 AVKL        
RIGR 	 AVKR        
RIGR 	 VD01        
RIH 	 ADFR        
RIH 	 OLQDR       
RIH 	 CEPVL       
RIH 	 FLPL        
RIH 	 AIZL        
RIR 	 BAGL        
RIR 	 BAGR        
RIS 	 AIBL        
RIS 	 AIBR        
RIS 	 AVJL        
RIS 	 AVEL        
RIS 	 RIML        
RIS 	 RIMR        
RIS 	 RMDR        
RIS 	 RMEV        
RIS 	 SMDDL       
RIS 	 SMDDR       
RIS 	 SMDVL       
RMFL 	 RIGL        
RMFL 	 RIGR        
RMFL 	 RIML        
RMFL 	 SAADR       
RMFL 	 SAAVR       
RMGL 	 ADLL        
RMGL 	 ASHL        
RMGL 	 AWBL        
RMGL 	 IL2L        
RMGL 	 ALML        
RMGL 	 URXL        
RMGL 	 AVFR        
RMGL 	 AVEL        
RMGL 	 RMDDR       
RMGL 	 RMHL        
RMGR 	 ASHR        
RMGR 	 ASKR        
RMGR 	 AWBR        
RMGR 	 IL2R        
RMGR 	 ALNR        
RMGR 	 URXR        
RMGR 	 RIFR        
RMGR 	 PVPR        
RMGR 	 RMHL        
RMGR 	 RMHR        
RMGR 	 SMBVR       
URBL 	 ADFL        
URBL 	 AFDL        
URBL 	 IL1L        
URBL 	 IL2L        
URBL 	 OLQDL       
URBR 	 AFDR        
URBR 	 IL2R        
URBR 	 OLQDR       
URBR 	 OLQVR       
URBR 	 SMBVR       
RIPL 	 I1L         
RIPL 	 ADFL        
RIPL 	 IL1L        
RIPL 	 RIPL        
RIPL 	 RIPR        
RIPL 	 RMED        
RIPL 	 URAVL       
RIPR 	 I1R         
RIPR 	 RIPL        
RIPR 	 RMED        
AVFL 	 AVFR        
AVFL 	 AVG         
AVFL 	 AVHL        
AVFL 	 AVHR        
AVFL 	 PVNR        
AVFL 	 PVPL        
AVFL 	 PVPR        
AVFL 	 PVQR        
AVFL 	 PVCL        
AVFL 	 AS11        
AVFL 	 VA11        
AVFL 	 VD12        
AVFL 	 hyp         
AVFL 	 VC05        
AVFR 	 RMGL        
AVFR 	 AVFL        
AVFR 	 AVG         
AVFR 	 AVHL        
AVFR 	 AVHR        
AVFR 	 PVPL        
AVFR 	 PVQL        
AVFR 	 PVQR        
AVFR 	 VB01        
AVFR 	 hyp         
AVG 	 PVDL        
AVG 	 PHAL        
AVG 	 PHAR        
AVG 	 PHCR        
AVG 	 RIFR        
AVG 	 AVFL        
AVG 	 AVFR        
AVG 	 AVHR        
AVG 	 AVJR        
AVG 	 AVL         
AVG 	 DVC         
AVG 	 PVPL        
AVG 	 PVPR        
AVG 	 PVQL        
AVG 	 PVT         
AVG 	 AS11        
AVG 	 DD06        
AVG 	 hyp         
AVHL 	 ASHR        
AVHL 	 ASKL        
AVHL 	 PHAL        
AVHL 	 PHBL        
AVHL 	 PHBR        
AVHL 	 PHCR        
AVHL 	 AVFL        
AVHL 	 AVFR        
AVHL 	 AVHR        
AVHL 	 AVJR        
AVHL 	 DVB         
AVHL 	 PVNL        
AVHL 	 PVNR        
AVHL 	 PVPL        
AVHL 	 PVPR        
AVHL 	 AVDL        
AVHL 	 LUAL        
AVHL 	 DB07        
AVHL 	 AS10        
AVHL 	 AS11        
AVHL 	 VD12        
AVHL 	 hyp         
AVHR 	 ASKR        
AVHR 	 PHAR        
AVHR 	 PHBL        
AVHR 	 PHBR        
AVHR 	 AVFL        
AVHR 	 AVFR        
AVHR 	 AVG         
AVHR 	 AVHL        
AVHR 	 AVJL        
AVHR 	 AVJR        
AVHR 	 AVL         
AVHR 	 DVC         
AVHR 	 PVNL        
AVHR 	 PVNR        
AVHR 	 PVPL        
AVHR 	 PVPR        
AVHR 	 PVQL        
AVHR 	 PVQR        
AVHR 	 PVT         
AVHR 	 SIAVL       
AVHR 	 DA08        
AVHR 	 AS11        
AVHR 	 DD06        
AVHR 	 VA11        
AVHR 	 VD12        
AVHR 	 hyp         
AVJL 	 PQR         
AVJL 	 RIFR        
AVJL 	 RIS         
AVJL 	 AVHR        
AVJL 	 AVJR        
AVJL 	 PVNL        
AVJL 	 PVNR        
AVJL 	 PVWL        
AVJL 	 PVWR        
AVJL 	 PVCL        
AVJL 	 PVCR        
AVJL 	 AVAL        
AVJL 	 AVDR        
AVJL 	 LUAL        
AVJL 	 LUAR        
AVJL 	 PDB         
AVJL 	 hyp         
AVJR 	 PQR         
AVJR 	 ADER        
AVJR 	 PHBL        
AVJR 	 PHCR        
AVJR 	 AVG         
AVJR 	 AVHL        
AVJR 	 AVHR        
AVJR 	 AVJL        
AVJR 	 PVNR        
AVJR 	 PVT         
AVJR 	 PVWR        
AVJR 	 PVCL        
AVJR 	 PVCR        
AVJR 	 AVAL        
AVJR 	 AVAR        
AVJR 	 AVBR        
AVJR 	 AVDL        
AVJR 	 LUAR        
AVJR 	 VA11        
AVJR 	 hyp         
AVKL 	 PVM         
AVKL 	 AQR         
AVKL 	 ADER        
AVKL 	 PDEL        
AVKL 	 PDER        
AVKL 	 AIYL        
AVKL 	 RIGL        
AVKL 	 RIGR        
AVKL 	 AVKR        
AVKL 	 AVL         
AVKL 	 DVA         
AVKL 	 PVPL        
AVKL 	 PVPR        
AVKL 	 PVT         
AVKL 	 SMBDL       
AVKL 	 SMBDR       
AVKL 	 SMBVL       
AVKL 	 SMBVR       
AVKL 	 AS10        
AVKL 	 AS11        
AVKL 	 VB10        
AVKL 	 hyp         
AVKR 	 AQR         
AVKR 	 PDEL        
AVKR 	 AIMR        
AVKR 	 RICL        
AVKR 	 RIGR        
AVKR 	 AVKL        
AVKR 	 PVPL        
AVKR 	 PVQL        
AVKR 	 PVT         
AVKR 	 AVER        
AVKR 	 RIMR        
AVKR 	 SMBDL       
AVKR 	 SMBDR       
AVKR 	 SMBVR       
AVKR 	 hyp         
AVL 	 AVG         
AVL 	 AVHR        
AVL 	 AVKL        
AVL 	 DVB         
AVL 	 DVC         
AVL 	 PVNR        
AVL 	 PVPL        
AVL 	 PVPR        
AVL 	 PVT         
AVL 	 PVWR        
AVL 	 AVEL        
AVL 	 DA09        
AVL 	 PDA         
AVL 	 DD06        
AVL 	 VD11        
AVL 	 VD12        
AVL 	 VD13        
AVL 	 VC06        
DVA 	 PVM         
DVA 	 SDQL        
DVA 	 SDQR        
DVA 	 PDEL        
DVA 	 PDER        
DVA 	 AVKL        
DVA 	 DVC         
DVA 	 PVPL        
DVA 	 PVR         
DVA 	 PVT         
DVA 	 PVCL        
DVA 	 PVCR        
DVA 	 AVBL        
DVA 	 AVBR        
DVA 	 SAAVR       
DVA 	 SIADR       
DVA 	 SIAVR       
DVA 	 DA09        
DVA 	 PDA         
DVA 	 DB01        
DVA 	 DB06        
DVA 	 DB07        
DVA 	 AS11        
DVA 	 VA11        
DVA 	 hyp         
DVB 	 AVHL        
DVB 	 AVL         
DVB 	 DVB         
DVB 	 DVC         
DVB 	 PVPL        
DVB 	 PVPR        
DVB 	 PVT         
DVB 	 DA08        
DVB 	 AS11        
DVB 	 DD05        
DVB 	 DD06        
DVB 	 VD11        
DVB 	 VD13        
DVB 	 hyp         
DVC 	 PVDR        
DVC 	 AIBL        
DVC 	 AIBR        
DVC 	 AVG         
DVC 	 AVHR        
DVC 	 AVL         
DVC 	 DVA         
DVC 	 DVB         
DVC 	 PVNR        
DVC 	 PVPL        
DVC 	 PVPR        
DVC 	 PVQR        
DVC 	 PVT         
DVC 	 DD06        
DVC 	 VD01        
DVC 	 VD11        
DVC 	 VD13        
DVC 	 hyp         
DVC 	 VC06        
PVNL 	 BDUL        
PVNL 	 PQR         
PVNL 	 AVHL        
PVNL 	 AVHR        
PVNL 	 AVJL        
PVNL 	 PVNR        
PVNL 	 PVPL        
PVNL 	 PVPR        
PVNL 	 PVT         
PVNL 	 PVCL        
PVNL 	 AVAL        
PVNL 	 AVBR        
PVNL 	 AVDR        
PVNL 	 LUAL        
PVNL 	 DD06        
PVNL 	 VD12        
PVNL 	 hyp         
PVNR 	 PQR         
PVNR 	 AVFL        
PVNR 	 AVHL        
PVNR 	 AVHR        
PVNR 	 AVJL        
PVNR 	 AVJR        
PVNR 	 AVL         
PVNR 	 DVC         
PVNR 	 PVNL        
PVNR 	 PVPR        
PVNR 	 PVR         
PVNR 	 PVT         
PVNR 	 PVWR        
PVNR 	 AVBL        
PVNR 	 AVBR        
PVNR 	 AVDL        
PVNR 	 AVDR        
PVNR 	 LUAR        
PVNR 	 VD13        
PVNR 	 hyp         
PVNR 	 HSNR        
PVNR 	 VC06        
PVPL 	 AQR         
PVPL 	 PQR         
PVPL 	 PHAR        
PVPL 	 PHBR        
PVPL 	 AIBR        
PVPL 	 RIGL        
PVPL 	 AVFL        
PVPL 	 AVFR        
PVPL 	 AVG         
PVPL 	 AVHL        
PVPL 	 AVHR        
PVPL 	 AVKL        
PVPL 	 AVKR        
PVPL 	 AVL         
PVPL 	 DVA         
PVPL 	 DVB         
PVPL 	 DVC         
PVPL 	 PVNL        
PVPL 	 PVPL        
PVPL 	 PVPR        
PVPL 	 PVQL        
PVPL 	 PVT         
PVPL 	 AVAL        
PVPL 	 AS11        
PVPL 	 PDB         
PVPL 	 DD06        
PVPL 	 VA11        
PVPL 	 VA12        
PVPL 	 VD11        
PVPL 	 VD13        
PVPL 	 hyp         
PVPL 	 HSNL        
PVPR 	 AQR         
PVPR 	 PQR         
PVPR 	 PHAL        
PVPR 	 RMGR        
PVPR 	 AVFL        
PVPR 	 AVG         
PVPR 	 AVHL        
PVPR 	 AVHR        
PVPR 	 AVKL        
PVPR 	 AVL         
PVPR 	 DVB         
PVPR 	 DVC         
PVPR 	 PVNL        
PVPR 	 PVNR        
PVPR 	 PVPL        
PVPR 	 PVT         
PVPR 	 PVWL        
PVPR 	 AVAL        
PVPR 	 AVBR        
PVPR 	 AVEL        
PVPR 	 DD06        
PVPR 	 VD12        
PVPR 	 hyp         
PVPR 	 HSNR        
PVPR 	 VC01        
PVPR 	 VC06        
PVQL 	 ASJL        
PVQL 	 ASKL        
PVQL 	 PHAL        
PVQL 	 PHBL        
PVQL 	 ADAL        
PVQL 	 AVFR        
PVQL 	 AVG         
PVQL 	 AVHR        
PVQL 	 AVKR        
PVQL 	 PVPL        
PVQL 	 PVQR        
PVQL 	 LUAL        
PVQL 	 hyp         
PVQR 	 ASER        
PVQR 	 ASJR        
PVQR 	 ASKR        
PVQR 	 ADER        
PVQR 	 PHBR        
PVQR 	 ADAR        
PVQR 	 AVFL        
PVQR 	 AVFR        
PVQR 	 AVHR        
PVQR 	 DVC         
PVQR 	 PVQL        
PVQR 	 PVT         
PVQR 	 PVWR        
PVQR 	 PVCL        
PVQR 	 DA07        
PVQR 	 hyp         
PVR 	 ALML        
PVR 	 ALMR        
PVR 	 AVM         
PVR 	 PVM         
PVR 	 PLMR        
PVR 	 ALNR        
PVR 	 BDUR        
PVR 	 PDEL        
PVR 	 PDER        
PVR 	 PHAR        
PVR 	 PHBR        
PVR 	 DVA         
PVR 	 PVNR        
PVR 	 PVWR        
PVR 	 PVCR        
PVR 	 LUAL        
PVR 	 LUAR        
PVR 	 DA09        
PVR 	 DB07        
PVR 	 PDB         
PVR 	 VD13        
PVR 	 hyp         
PVT 	 PHBR        
PVT 	 AIBR        
PVT 	 AVG         
PVT 	 AVHR        
PVT 	 AVJR        
PVT 	 AVKL        
PVT 	 AVKR        
PVT 	 AVL         
PVT 	 DVA         
PVT 	 DVB         
PVT 	 DVC         
PVT 	 PVNL        
PVT 	 PVNR        
PVT 	 PVPL        
PVT 	 PVPR        
PVT 	 PVQR        
PVT 	 PVWR        
PVT 	 PVCR        
PVT 	 AVAR        
PVT 	 AVDL        
PVT 	 LUAR        
PVT 	 RMEV        
PVT 	 URAVL       
PVT 	 DD06        
PVT 	 VD11        
PVT 	 VD12        
PVT 	 VD13        
PVT 	 hyp         
PVT 	 VC03        
PVT 	 VC06        
PVWL 	 PLNL        
PVWL 	 PQR         
PVWL 	 AVJL        
PVWL 	 PVPR        
PVWL 	 PVWR        
PVWL 	 PVCL        
PVWL 	 PVCR        
PVWL 	 LUAR        
PVWL 	 DA08        
PVWL 	 VD12        
PVWL 	 VD13        
PVWL 	 hyp         
PVWR 	 PHBR        
PVWR 	 AVJL        
PVWR 	 AVJR        
PVWR 	 AVL         
PVWR 	 PVNR        
PVWR 	 PVQR        
PVWR 	 PVR         
PVWR 	 PVT         
PVWR 	 PVWL        
PVWR 	 PVCR        
PVWR 	 AVAR        
PVWR 	 AVDR        
PVWR 	 LUAR        
PVWR 	 VD13        
PVWR 	 hyp         
RID 	 ALA         
RID 	 RID         
RID 	 AVBL        
RID 	 AVBR        
RID 	 DB01        
RID 	 DB03        
PVCL 	 PLML        
PVCL 	 PQR         
PVCL 	 PDER        
PVCL 	 PHBL        
PVCL 	 AVFL        
PVCL 	 AVJL        
PVCL 	 AVJR        
PVCL 	 DVA         
PVCL 	 PVNL        
PVCL 	 PVQR        
PVCL 	 PVWL        
PVCL 	 PVCR        
PVCL 	 AVAL        
PVCL 	 AVAR        
PVCL 	 DA04        
PVCL 	 DA07        
PVCL 	 DA08        
PVCL 	 DB07        
PVCL 	 VA12        
PVCL 	 VB10        
PVCL 	 VB11        
PVCL 	 VD13        
PVCL 	 hyp         
PVCR 	 PLMR        
PVCR 	 PVDL        
PVCR 	 PDEL        
PVCR 	 PHAR        
PVCR 	 PHCR        
PVCR 	 AVJL        
PVCR 	 AVJR        
PVCR 	 DVA         
PVCR 	 PVR         
PVCR 	 PVT         
PVCR 	 PVWL        
PVCR 	 PVWR        
PVCR 	 PVCL        
PVCR 	 AVAL        
PVCR 	 AVAR        
PVCR 	 AVDR        
PVCR 	 SIBVL       
PVCR 	 DA07        
PVCR 	 DA08        
PVCR 	 DA09        
PVCR 	 PDA         
PVCR 	 DB07        
PVCR 	 VA11        
PVCR 	 VA12        
PVCR 	 VB10        
PVCR 	 VB11        
PVCR 	 VD12        
PVCR 	 hyp         
AVAL 	 PVDR        
AVAL 	 URYDL       
AVAL 	 URYVR       
AVAL 	 PHCL        
AVAL 	 PHCR        
AVAL 	 ALA         
AVAL 	 AVJL        
AVAL 	 AVJR        
AVAL 	 PVNL        
AVAL 	 PVPL        
AVAL 	 PVPR        
AVAL 	 PVCL        
AVAL 	 PVCR        
AVAL 	 AVAR        
AVAL 	 AVDL        
AVAL 	 AVDR        
AVAL 	 AVEL        
AVAL 	 LUAL        
AVAL 	 LUAR        
AVAL 	 RIMR        
AVAL 	 SABD        
AVAL 	 SABVR       
AVAL 	 DA01        
AVAL 	 DA02        
AVAL 	 DA03        
AVAL 	 DA04        
AVAL 	 DA05        
AVAL 	 DA06        
AVAL 	 DA07        
AVAL 	 DA08        
AVAL 	 DA09        
AVAL 	 AS10        
AVAL 	 VA01        
AVAL 	 VA02        
AVAL 	 VA03        
AVAL 	 VA04        
AVAL 	 VA05        
AVAL 	 VA06        
AVAL 	 VA07        
AVAL 	 VA08        
AVAL 	 VA09        
AVAL 	 VA10        
AVAL 	 VA11        
AVAL 	 VB11        
AVAL 	 hyp         
AVAR 	 ASHR        
AVAR 	 PVDL        
AVAR 	 URYDR       
AVAR 	 PHBL        
AVAR 	 PHCR        
AVAR 	 AVJR        
AVAR 	 PVT         
AVAR 	 PVWR        
AVAR 	 PVCL        
AVAR 	 PVCR        
AVAR 	 AVAL        
AVAR 	 AVBL        
AVAR 	 AVDL        
AVAR 	 AVDR        
AVAR 	 AVER        
AVAR 	 LUAR        
AVAR 	 RIML        
AVAR 	 RIMR        
AVAR 	 RMDR        
AVAR 	 RMDVR       
AVAR 	 SAAVR       
AVAR 	 SABVL       
AVAR 	 SABVR       
AVAR 	 DA01        
AVAR 	 DA02        
AVAR 	 DA03        
AVAR 	 DA04        
AVAR 	 DA05        
AVAR 	 DA06        
AVAR 	 DA08        
AVAR 	 DA09        
AVAR 	 AS03        
AVAR 	 AS05        
AVAR 	 AS06        
AVAR 	 AS10        
AVAR 	 AS11        
AVAR 	 VA01        
AVAR 	 VA03        
AVAR 	 VA04        
AVAR 	 VA05        
AVAR 	 VA07        
AVAR 	 VA08        
AVAR 	 VA09        
AVAR 	 VA10        
AVAR 	 VA11        
AVAR 	 VA12        
AVAR 	 VD11        
AVAR 	 hyp         
AVBL 	 SDQR        
AVBL 	 AQR         
AVBL 	 RIBL        
AVBL 	 RIBR        
AVBL 	 DVA         
AVBL 	 PVNR        
AVBL 	 RID         
AVBL 	 AVAR        
AVBL 	 AVBR        
AVBL 	 SIBVL       
AVBL 	 DB02        
AVBL 	 DB03        
AVBL 	 DB04        
AVBL 	 DB05        
AVBL 	 DB06        
AVBL 	 DB07        
AVBL 	 AS06        
AVBL 	 AS10        
AVBL 	 VA11        
AVBL 	 VB01        
AVBL 	 VB02        
AVBL 	 VB04        
AVBL 	 VB05        
AVBL 	 VB06        
AVBL 	 VB07        
AVBL 	 VB08        
AVBL 	 VB09        
AVBL 	 VB10        
AVBL 	 VB11        
AVBR 	 RIBL        
AVBR 	 RIBR        
AVBR 	 AVJR        
AVBR 	 DVA         
AVBR 	 PVNL        
AVBR 	 PVNR        
AVBR 	 PVPR        
AVBR 	 RID         
AVBR 	 AVBL        
AVBR 	 SIBDL       
AVBR 	 DB01        
AVBR 	 DB02        
AVBR 	 DB03        
AVBR 	 DB04        
AVBR 	 DB05        
AVBR 	 DB06        
AVBR 	 DB07        
AVBR 	 AS05        
AVBR 	 AS06        
AVBR 	 VA11        
AVBR 	 VB02        
AVBR 	 VB03        
AVBR 	 VB04        
AVBR 	 VB05        
AVBR 	 VB06        
AVBR 	 VB07        
AVBR 	 VB08        
AVBR 	 VB09        
AVBR 	 VB10        
AVBR 	 VB11        
AVBR 	 hyp         
AVDL 	 AVM         
AVDL 	 FLPL        
AVDL 	 FLPR        
AVDL 	 PQR         
AVDL 	 ADAR        
AVDL 	 RIFL        
AVDL 	 AVHL        
AVDL 	 AVJR        
AVDL 	 PVNR        
AVDL 	 PVT         
AVDL 	 AVAL        
AVDL 	 AVAR        
AVDL 	 AVDR        
AVDL 	 VA10        
AVDL 	 hyp         
AVDR 	 ADLL        
AVDR 	 ALMR        
AVDR 	 FLPR        
AVDR 	 PQR         
AVDR 	 ADAL        
AVDR 	 AVJL        
AVDR 	 PVNL        
AVDR 	 PVNR        
AVDR 	 PVWR        
AVDR 	 PVCR        
AVDR 	 AVAL        
AVDR 	 AVAR        
AVDR 	 AVDL        
AVDR 	 SIADL       
AVEL 	 AFDL        
AVEL 	 BAGR        
AVEL 	 RIS         
AVEL 	 RMGL        
AVEL 	 AVL         
AVEL 	 PVPR        
AVEL 	 AVAL        
AVEL 	 AVER        
AVEL 	 RIML        
AVEL 	 RIMR        
AVEL 	 RMDVR       
AVEL 	 RMEV        
AVEL 	 SMDVR       
AVEL 	 AS01        
AVER 	 ASHR        
AVER 	 ALA         
AVER 	 RIFL        
AVER 	 AVKR        
AVER 	 AVAR        
AVER 	 AVEL        
AVER 	 RIML        
AVER 	 RIMR        
AVER 	 RMDDL       
AVER 	 RMDR        
AVER 	 RMDVL       
AVER 	 RMDVR       
AVER 	 RMEV        
AVER 	 SMDDR       
AVER 	 DA01        
AVER 	 AS01        
LUAL 	 PLML        
LUAL 	 AVHL        
LUAL 	 AVJL        
LUAL 	 PVNL        
LUAL 	 PVQL        
LUAL 	 PVR         
LUAL 	 AVAL        
LUAR 	 PLMR        
LUAR 	 PHCR        
LUAR 	 AVJL        
LUAR 	 AVJR        
LUAR 	 PVNR        
LUAR 	 PVR         
LUAR 	 PVT         
LUAR 	 PVWL        
LUAR 	 PVWR        
LUAR 	 AVAL        
LUAR 	 AVAR        
LUAR 	 hyp         
RIML 	 AIBR        
RIML 	 AIYL        
RIML 	 RIS         
RIML 	 RMFL        
RIML 	 AVAR        
RIML 	 AVEL        
RIML 	 AVER        
RIML 	 RMDL        
RIML 	 SIADL       
RIMR 	 AIBL        
RIMR 	 AIYR        
RIMR 	 RIS         
RIMR 	 AVKR        
RIMR 	 AVAL        
RIMR 	 AVAR        
RIMR 	 AVEL        
RIMR 	 AVER        
RIMR 	 SIADR       
RMDDL 	 IL1VL       
RMDDL 	 OLQVL       
RMDDL 	 RIAR        
RMDDL 	 AVER        
RMDDL 	 RMDL        
RMDDL 	 RMDVL       
RMDDL 	 SIBDR       
RMDDL 	 SMDDL       
RMDDR 	 ALML        
RMDDR 	 RIAR        
RMDDR 	 RMGL        
RMDDR 	 RMDL        
RMDDR 	 RMDVR       
RMDDR 	 SAADR       
RMDDR 	 SIADL       
RMDDR 	 SMDDR       
RMDL 	 IL2L        
RMDL 	 RIML        
RMDL 	 RMDDL       
RMDL 	 RMDDR       
RMDL 	 RMDVL       
RMDL 	 RMER        
RMDL 	 SIAVR       
RMDL 	 SIBVL       
RMDL 	 SMDDL       
RMDR 	 RIS         
RMDR 	 AVAR        
RMDR 	 AVER        
RMDR 	 RMDVR       
RMDVL 	 OLQDL       
RMDVL 	 OLQVR       
RMDVL 	 AUAL        
RMDVL 	 AVER        
RMDVL 	 RMDDL       
RMDVL 	 RMDL        
RMDVL 	 SAAVL       
RMDVL 	 SIAVR       
RMDVR 	 AFDR        
RMDVR 	 IL1DR       
RMDVR 	 OLQDR       
RMDVR 	 AVAR        
RMDVR 	 AVEL        
RMDVR 	 AVER        
RMDVR 	 RMDDR       
RMDVR 	 RMDR        
RMDVR 	 SAADL       
RMDVR 	 SAAVR       
RMDVR 	 SIAVL       
RMDVR 	 SMDVR       
RMED 	 IL1VL       
RMED 	 IL2DR       
RMED 	 AIBL        
RMED 	 RIPL        
RMED 	 RIPR        
RMED 	 RMEV        
RMEL 	 RIGL        
RMEL 	 RMEV        
RMER 	 IL1L        
RMER 	 IL2L        
RMER 	 RMDL        
RMER 	 RMEV        
RMEV 	 IL1DL       
RMEV 	 IL1DR       
RMEV 	 RIBL        
RMEV 	 RIS         
RMEV 	 PVT         
RMEV 	 AVEL        
RMEV 	 AVER        
RMEV 	 RMED        
RMEV 	 RMEL        
RMEV 	 RMER        
RMEV 	 SMDVL       
RMHL 	 RMGL        
RMHL 	 RMGR        
RMHL 	 SIBVR       
RMHL 	 SMDDL       
RMHR 	 RICR        
RMHR 	 RMGR        
RIVL 	 ASGL        
RIVL 	 ASJL        
RIVL 	 SDQR        
RIVL 	 RIVR        
RIVL 	 SAADR       
RIVL 	 SIBVR       
RIVL 	 SMDVL       
RIVR 	 SDQR        
RIVR 	 AIBR        
RIVR 	 RIVL        
RIVR 	 SAADL       
RIVR 	 SMDVR       
URADL 	 IL2DL       
URADR 	 IL2DR       
URADR 	 URYDR       
URAVL 	 IL2L        
URAVL 	 IL2VL       
URAVL 	 CEPVL       
URAVL 	 RIPL        
URAVL 	 PVT         
URAVR 	 IL1VR       
SAADL 	 SDQR        
SAADL 	 RMDVR       
SAADL 	 RIVR        
SAADL 	 SMBDL       
SAADR 	 RMFL        
SAADR 	 RMDDR       
SAADR 	 RIVL        
SAAVL 	 RMDVL       
SAAVL 	 SAAVR       
SAAVL 	 SABD        
SAAVL 	 SMBDR       
SAAVL 	 SMBVR       
SAAVL 	 SMDVL       
SAAVR 	 RIAR        
SAAVR 	 RMFL        
SAAVR 	 DVA         
SAAVR 	 AVAR        
SAAVR 	 RMDVR       
SAAVR 	 SAAVL       
SAAVR 	 SMBDL       
SAAVR 	 SMBVL       
SAAVR 	 SMDDL       
SABD 	 AVAL        
SABD 	 SAAVL       
SABD 	 VA02        
SABD 	 VA03        
SABVL 	 AVAR        
SABVR 	 AVAL        
SABVR 	 AVAR        
SABVR 	 DD01        
SIADL 	 RIBL        
SIADL 	 AVDR        
SIADL 	 RIML        
SIADL 	 RMDDR       
SIADL 	 SIBVR       
SIADL 	 SMBDL       
SIADR 	 FLPL        
SIADR 	 SDQL        
SIADR 	 AIBL        
SIADR 	 RIBR        
SIADR 	 DVA         
SIADR 	 RIMR        
SIADR 	 SMBDR       
SIADR 	 SMDDR       
SIAVL 	 AIBR        
SIAVL 	 RIAR        
SIAVL 	 RIBL        
SIAVL 	 AVHR        
SIAVL 	 RMDVR       
SIAVL 	 SIBDL       
SIAVL 	 SIBVL       
SIAVR 	 SDQR        
SIAVR 	 RIAR        
SIAVR 	 RIBR        
SIAVR 	 DVA         
SIAVR 	 RMDL        
SIAVR 	 RMDVL       
SIBDL 	 SDQR        
SIBDL 	 RIBL        
SIBDL 	 AVBR        
SIBDL 	 SIAVL       
SIBDL 	 SIBVL       
SIBDR 	 RIBR        
SIBDR 	 RMDDL       
SIBDR 	 SIBVL       
SIBDR 	 SIBVR       
SIBDR 	 SMBDL       
SIBVL 	 AIZR        
SIBVL 	 RIBL        
SIBVL 	 PVCR        
SIBVL 	 AVBL        
SIBVL 	 RMDL        
SIBVL 	 SIAVL       
SIBVL 	 SIBDL       
SIBVL 	 SIBDR       
SIBVL 	 SIBVR       
SIBVL 	 SMBDL       
SIBVL 	 SMBVL       
SIBVL 	 SMDDL       
SIBVL 	 SMDVL       
SIBVR 	 AIML        
SIBVR 	 RIBL        
SIBVR 	 RIBR        
SIBVR 	 RMHL        
SIBVR 	 RIVL        
SIBVR 	 SIADL       
SIBVR 	 SIBDR       
SIBVR 	 SIBVL       
SIBVR 	 SMBDL       
SMBDL 	 AVKL        
SMBDL 	 AVKR        
SMBDL 	 SAADL       
SMBDL 	 SAAVR       
SMBDL 	 SIADL       
SMBDL 	 SIBDR       
SMBDL 	 SIBVL       
SMBDL 	 SIBVR       
SMBDR 	 ALML        
SMBDR 	 ALNL        
SMBDR 	 RIBR        
SMBDR 	 AVKL        
SMBDR 	 AVKR        
SMBDR 	 SAAVL       
SMBDR 	 SIADR       
SMBDR 	 SMBVR       
SMBDR 	 SMDDR       
SMBVL 	 AVKL        
SMBVL 	 SAAVR       
SMBVL 	 SIBVL       
SMBVR 	 ADFR        
SMBVR 	 AIMR        
SMBVR 	 RMGR        
SMBVR 	 URBR        
SMBVR 	 AVKL        
SMBVR 	 AVKR        
SMBVR 	 SAAVL       
SMBVR 	 SMBDR       
SMDDL 	 ALNR        
SMDDL 	 AIBR        
SMDDL 	 RIAR        
SMDDL 	 RIBL        
SMDDL 	 RIBR        
SMDDL 	 RIS         
SMDDL 	 RMDDL       
SMDDL 	 RMDL        
SMDDL 	 RMHL        
SMDDL 	 SAAVR       
SMDDL 	 SIBVL       
SMDDR 	 ALNL        
SMDDR 	 AIBL        
SMDDR 	 RIBR        
SMDDR 	 RIS         
SMDDR 	 AVER        
SMDDR 	 RMDDR       
SMDDR 	 SIADR       
SMDDR 	 SMBDR       
SMDDR 	 SMDVL       
SMDDR 	 VD01        
SMDVL 	 ALNL        
SMDVL 	 RIAL        
SMDVL 	 RIS         
SMDVL 	 RMEV        
SMDVL 	 RIVL        
SMDVL 	 SAAVL       
SMDVL 	 SIBVL       
SMDVL 	 SMDDR       
SMDVR 	 ADFR        
SMDVR 	 RIAR        
SMDVR 	 AVEL        
SMDVR 	 RMDVR       
SMDVR 	 RIVR        
DA01 	 FLPR        
DA01 	 AVAL        
DA01 	 AVAR        
DA01 	 AVER        
DA01 	 DA02        
DA02 	 FLPR        
DA02 	 AVAL        
DA02 	 AVAR        
DA02 	 DA01        
DA02 	 DA05        
DA02 	 AS02        
DA02 	 AS04        
DA02 	 VA01        
DA02 	 VA06        
DA03 	 FLPR        
DA03 	 AVAL        
DA03 	 AVAR        
DA03 	 DA04        
DA03 	 DA05        
DA03 	 AS04        
DA03 	 VA02        
DA03 	 VA06        
DA04 	 PVCL        
DA04 	 AVAL        
DA04 	 AVAR        
DA04 	 DA03        
DA04 	 VA03        
DA05 	 AVAL        
DA05 	 AVAR        
DA05 	 DA02        
DA05 	 DA03        
DA05 	 AS06        
DA06 	 AVAL        
DA06 	 AVAR        
DA07 	 PVQR        
DA07 	 PVCL        
DA07 	 PVCR        
DA07 	 AVAL        
DA07 	 DA08        
DA07 	 AS10        
DA07 	 VD11        
DA08 	 PHCL        
DA08 	 AVHR        
DA08 	 DVB         
DA08 	 PVWL        
DA08 	 PVCL        
DA08 	 PVCR        
DA08 	 AVAL        
DA08 	 AVAR        
DA08 	 DA07        
DA08 	 DA09        
DA08 	 PDA         
DA08 	 AS11        
DA08 	 DD06        
DA08 	 VA10        
DA08 	 VA12        
DA08 	 hyp         
DA09 	 PHCR        
DA09 	 AVL         
DA09 	 DVA         
DA09 	 PVR         
DA09 	 PVCR        
DA09 	 AVAL        
DA09 	 AVAR        
DA09 	 DA08        
DA09 	 PDA         
DA09 	 AS10        
DA09 	 VA10        
DA09 	 VA11        
DA09 	 VA12        
DA09 	 VB11        
DA09 	 VD13        
DA09 	 hyp         
PDA 	 AVL         
PDA 	 DVA         
PDA 	 PVCR        
PDA 	 DA08        
PDA 	 DA09        
PDA 	 PDB         
PDA 	 DD06        
PDA 	 hyp         
DB01 	 DVA         
DB01 	 RID         
DB01 	 AVBR        
DB01 	 DB02        
DB01 	 VB03        
DB02 	 AVBL        
DB02 	 AVBR        
DB02 	 DB01        
DB02 	 DB03        
DB02 	 VB04        
DB03 	 RID         
DB03 	 AVBL        
DB03 	 AVBR        
DB03 	 DB02        
DB03 	 DB04        
DB03 	 DD03        
DB03 	 VB06        
DB04 	 AVBL        
DB04 	 AVBR        
DB04 	 DB03        
DB04 	 DB05        
DB04 	 DD03        
DB05 	 AVBL        
DB05 	 AVBR        
DB05 	 DB04        
DB05 	 DB06        
DB06 	 DVA         
DB06 	 AVBL        
DB06 	 AVBR        
DB06 	 DB05        
DB06 	 DB07        
DB07 	 AVHL        
DB07 	 DVA         
DB07 	 PVR         
DB07 	 PVCL        
DB07 	 PVCR        
DB07 	 AVBL        
DB07 	 AVBR        
DB07 	 DB06        
DB07 	 AS10        
DB07 	 PDB         
DB07 	 VA10        
DB07 	 hyp         
AS01 	 FLPR        
AS01 	 AVEL        
AS01 	 AVER        
AS01 	 VA03        
AS01 	 VA06        
AS01 	 VD02        
AS02 	 DA02        
AS02 	 VA03        
AS02 	 VA04        
AS03 	 AVAR        
AS04 	 DA02        
AS04 	 DA03        
AS05 	 AVAR        
AS05 	 AVBR        
AS06 	 AVAR        
AS06 	 AVBL        
AS06 	 AVBR        
AS06 	 DA05        
AS10 	 AVHL        
AS10 	 AVKL        
AS10 	 AVAL        
AS10 	 AVAR        
AS10 	 AVBL        
AS10 	 DA07        
AS10 	 DA09        
AS10 	 DB07        
AS10 	 VA12        
AS10 	 hyp         
AS11 	 AVFL        
AS11 	 AVG         
AS11 	 AVHL        
AS11 	 AVHR        
AS11 	 AVKL        
AS11 	 DVA         
AS11 	 DVB         
AS11 	 PVPL        
AS11 	 AVAR        
AS11 	 DA08        
AS11 	 PDB         
AS11 	 VA11        
AS11 	 VB11        
AS11 	 hyp         
PDB 	 AVJL        
PDB 	 PVPL        
PDB 	 PVR         
PDB 	 PDA         
PDB 	 DB07        
PDB 	 AS11        
PDB 	 VD13        
PDB 	 hyp         
DD01 	 FLPL        
DD01 	 RIFR        
DD01 	 SABVR       
DD01 	 DD02        
DD01 	 VD02        
DD01 	 VD03        
DD01 	 vBWML8      
DD01 	 VC01        
DD02 	 DD01        
DD02 	 DD03        
DD02 	 VD03        
DD02 	 VD04        
DD02 	 VD05        
DD03 	 DB03        
DD03 	 DB04        
DD03 	 DD02        
DD03 	 DD04        
DD04 	 DD03        
DD04 	 DD05        
DD05 	 DVB         
DD05 	 DD04        
DD05 	 DD06        
DD06 	 AVG         
DD06 	 AVHR        
DD06 	 AVL         
DD06 	 DVB         
DD06 	 DVC         
DD06 	 PVNL        
DD06 	 PVPL        
DD06 	 PVPR        
DD06 	 PVT         
DD06 	 DA08        
DD06 	 PDA         
DD06 	 DD05        
DD06 	 VA12        
DD06 	 VD11        
DD06 	 VD12        
DD06 	 VD13        
VA01 	 AVAL        
VA01 	 AVAR        
VA01 	 DA02        
VA02 	 PLNL        
VA02 	 AVAL        
VA02 	 SABD        
VA02 	 DA03        
VA02 	 VA06        
VA02 	 VD02        
VA02 	 hyp         
VA03 	 AVAL        
VA03 	 AVAR        
VA03 	 SABD        
VA03 	 DA04        
VA03 	 AS01        
VA03 	 AS02        
VA03 	 VD03        
VA04 	 AVAL        
VA04 	 AVAR        
VA04 	 AS02        
VA04 	 VA07        
VA04 	 VB03        
VA05 	 AVAL        
VA05 	 AVAR        
VA06 	 AVAL        
VA06 	 DA02        
VA06 	 DA03        
VA06 	 AS01        
VA06 	 VA02        
VA07 	 AVAL        
VA07 	 AVAR        
VA07 	 VA04        
VA08 	 AVAL        
VA08 	 AVAR        
VA09 	 AVAL        
VA09 	 AVAR        
VA10 	 PVDL        
VA10 	 AVAL        
VA10 	 AVAR        
VA10 	 AVDL        
VA10 	 DA08        
VA10 	 DA09        
VA10 	 DB07        
VA10 	 hyp         
VA11 	 AVFL        
VA11 	 AVHR        
VA11 	 AVJR        
VA11 	 DVA         
VA11 	 PVPL        
VA11 	 PVCR        
VA11 	 AVAL        
VA11 	 AVAR        
VA11 	 AVBL        
VA11 	 AVBR        
VA11 	 DA09        
VA11 	 AS11        
VA11 	 VA12        
VA11 	 VB10        
VA11 	 hyp         
VA12 	 PHCL        
VA12 	 PVPL        
VA12 	 PVCL        
VA12 	 PVCR        
VA12 	 AVAR        
VA12 	 DA08        
VA12 	 DA09        
VA12 	 AS10        
VA12 	 DD06        
VA12 	 VA11        
VA12 	 VB11        
VA12 	 VD12        
VA12 	 VD13        
VB01 	 AVFR        
VB01 	 AVBL        
VB01 	 VB02        
VB02 	 AVBL        
VB02 	 AVBR        
VB02 	 VB01        
VB02 	 VB03        
VB02 	 VB04        
VB03 	 AVBR        
VB03 	 DB01        
VB03 	 VA04        
VB03 	 VB02        
VB03 	 VB04        
VB04 	 DVA         
VB04 	 AVBL        
VB04 	 AVBR        
VB04 	 DB02        
VB04 	 VB02        
VB04 	 VB03        
VB04 	 VB05        
VB05 	 AVBL        
VB05 	 AVBR        
VB05 	 VB04        
VB05 	 VB06        
VB06 	 AVBL        
VB06 	 AVBR        
VB06 	 DB03        
VB06 	 VB05        
VB06 	 VB07        
VB07 	 AVBL        
VB07 	 AVBR        
VB07 	 VB06        
VB07 	 VB08        
VB08 	 AVBL        
VB08 	 AVBR        
VB08 	 VB07        
VB08 	 VB09        
VB09 	 PDER        
VB09 	 AVBL        
VB09 	 AVBR        
VB09 	 VB08        
VB09 	 VB10        
VB10 	 PDEL        
VB10 	 PDER        
VB10 	 AVKL        
VB10 	 PVCL        
VB10 	 PVCR        
VB10 	 AVBL        
VB10 	 AVBR        
VB10 	 VA11        
VB10 	 VB09        
VB10 	 VB11        
VB10 	 VD11        
VB10 	 VD12        
VB11 	 PDEL        
VB11 	 PVCL        
VB11 	 PVCR        
VB11 	 AVAL        
VB11 	 AVBL        
VB11 	 AVBR        
VB11 	 DA09        
VB11 	 AS11        
VB11 	 VA12        
VB11 	 VB10        
VB11 	 hyp         
VD01 	 RIGL        
VD01 	 RIGR        
VD01 	 DVC         
VD01 	 SMDDR       
VD01 	 VD02        
VD01 	 VC02        
VD02 	 AS01        
VD02 	 DD01        
VD02 	 VA02        
VD02 	 VD01        
VD02 	 VD02        
VD02 	 VD03        
VD02 	 dBWML9      
VD03 	 DD01        
VD03 	 DD02        
VD03 	 VA03        
VD03 	 VD02        
VD03 	 VD04        
VD04 	 DD02        
VD04 	 VD03        
VD04 	 VD05        
VD05 	 DD02        
VD05 	 VD04        
VD05 	 VD06        
VD06 	 VD05        
VD06 	 VD07        
VD07 	 VD06        
VD07 	 VD08        
VD08 	 VD07        
VD08 	 VD09        
VD09 	 PVDR        
VD09 	 PDER        
VD09 	 VD08        
VD09 	 VD10        
VD10 	 VD09        
VD10 	 VD11        
VD11 	 AVL         
VD11 	 DVB         
VD11 	 DVC         
VD11 	 PVPL        
VD11 	 PVT         
VD11 	 AVAR        
VD11 	 DA07        
VD11 	 DD06        
VD11 	 VB10        
VD11 	 VD10        
VD11 	 VD12        
VD11 	 hyp         
VD12 	 AVFL        
VD12 	 AVHL        
VD12 	 AVHR        
VD12 	 AVL         
VD12 	 PVNL        
VD12 	 PVPR        
VD12 	 PVT         
VD12 	 PVWL        
VD12 	 PVCR        
VD12 	 DD06        
VD12 	 VA12        
VD12 	 VB10        
VD12 	 VD11        
VD12 	 VD13        
VD12 	 hyp         
VD12 	 VC06        
VD13 	 AVL         
VD13 	 DVB         
VD13 	 DVC         
VD13 	 PVNR        
VD13 	 PVPL        
VD13 	 PVR         
VD13 	 PVT         
VD13 	 PVWL        
VD13 	 PVWR        
VD13 	 PVCL        
VD13 	 DA09        
VD13 	 PDB         
VD13 	 DD06        
VD13 	 VA12        
VD13 	 VD12        
dBWML1 	 dBWML2      
dBWML1 	 dBWML3      
dBWML2 	 dBWML1      
dBWML2 	 dBWML3      
dBWML3 	 dBWML1      
dBWML3 	 dBWML2      
dBWML3 	 dBWML4      
dBWML4 	 dBWML3      
dBWML4 	 dBWML5      
dBWML5 	 dBWML4      
dBWML5 	 dBWML6      
dBWML6 	 dBWML5      
dBWML6 	 dBWML7      
dBWML7 	 dBWML6      
dBWML7 	 dBWML8      
dBWML8 	 dBWML7      
dBWML8 	 dBWML9      
dBWML9 	 VD02        
dBWML9 	 dBWML8      
dBWML9 	 dBWML10     
dBWML10 	 dBWML9      
dBWML10 	 dBWML11     
dBWML11 	 dBWML10     
dBWML11 	 dBWML12     
dBWML12 	 dBWML11     
dBWML12 	 dBWML13     
dBWML13 	 dBWML12     
dBWML13 	 dBWML14     
dBWML14 	 dBWML13     
dBWML14 	 dBWML15     
dBWML15 	 dBWML14     
dBWML15 	 dBWML16     
dBWML16 	 dBWML15     
dBWML16 	 dBWML17     
dBWML17 	 dBWML16     
dBWML17 	 dBWML18     
dBWML18 	 dBWML17     
dBWML18 	 dBWML19     
dBWML19 	 dBWML18     
dBWML19 	 dBWML20     
dBWML20 	 dBWML19     
dBWML20 	 dBWML21     
dBWML21 	 dBWML20     
dBWML21 	 dBWML22     
dBWML22 	 dBWML21     
dBWML22 	 dBWML23     
dBWML23 	 dBWML22     
dBWML23 	 dBWML24     
dBWML24 	 dBWML23     
dBWMR1 	 dBWMR2      
dBWMR1 	 dBWMR3      
dBWMR2 	 dBWMR1      
dBWMR2 	 dBWMR3      
dBWMR3 	 dBWMR1      
dBWMR3 	 dBWMR2      
dBWMR3 	 dBWMR4      
dBWMR4 	 dBWMR3      
dBWMR4 	 dBWMR5      
dBWMR5 	 dBWMR4      
dBWMR5 	 dBWMR6      
dBWMR6 	 dBWMR5      
dBWMR6 	 dBWMR7      
dBWMR7 	 dBWMR6      
dBWMR7 	 dBWMR8      
dBWMR8 	 dBWMR7      
dBWMR8 	 dBWMR9      
dBWMR9 	 dBWMR8      
dBWMR9 	 dBWMR10     
dBWMR10 	 dBWMR9      
dBWMR10 	 dBWMR11     
dBWMR11 	 dBWMR10     
dBWMR11 	 dBWMR12     
dBWMR12 	 dBWMR11     
dBWMR12 	 dBWMR13     
dBWMR13 	 dBWMR12     
dBWMR13 	 dBWMR14     
dBWMR14 	 dBWMR13     
dBWMR14 	 dBWMR15     
dBWMR15 	 dBWMR14     
dBWMR15 	 dBWMR16     
dBWMR16 	 dBWMR15     
dBWMR16 	 dBWMR17     
dBWMR17 	 dBWMR16     
dBWMR17 	 dBWMR18     
dBWMR18 	 dBWMR17     
dBWMR18 	 dBWMR19     
dBWMR19 	 dBWMR18     
dBWMR19 	 dBWMR20     
dBWMR20 	 dBWMR19     
dBWMR20 	 dBWMR21     
dBWMR21 	 dBWMR20     
dBWMR21 	 dBWMR22     
dBWMR22 	 dBWMR21     
dBWMR22 	 dBWMR23     
dBWMR23 	 dBWMR22     
dBWMR23 	 dBWMR24     
dBWMR24 	 dBWMR23     
vBWML1 	 vBWML2      
vBWML1 	 vBWML3      
vBWML2 	 vBWML1      
vBWML2 	 vBWML3      
vBWML3 	 vBWML1      
vBWML3 	 vBWML2      
vBWML3 	 vBWML4      
vBWML4 	 vBWML3      
vBWML4 	 vBWML5      
vBWML5 	 vBWML4      
vBWML5 	 vBWML6      
vBWML6 	 vBWML5      
vBWML6 	 vBWML7      
vBWML7 	 vBWML6      
vBWML7 	 vBWML8      
vBWML8 	 DD01        
vBWML8 	 vBWML7      
vBWML8 	 vBWML9      
vBWML9 	 vBWML8      
vBWML9 	 vBWML10     
vBWML9 	 vBWMR8      
vBWML10 	 vBWML9      
vBWML10 	 vBWML11     
vBWML11 	 vBWML10     
vBWML11 	 vBWML12     
vBWML12 	 vBWML11     
vBWML12 	 vBWML13     
vBWML13 	 vBWML12     
vBWML13 	 vBWML14     
vBWML14 	 vBWML13     
vBWML14 	 vBWML15     
vBWML15 	 vBWML14     
vBWML15 	 vBWML16     
vBWML16 	 vBWML15     
vBWML16 	 vBWML17     
vBWML17 	 vBWML16     
vBWML17 	 vBWML18     
vBWML18 	 vBWML17     
vBWML18 	 vBWML19     
vBWML19 	 vBWML18     
vBWML19 	 vBWML20     
vBWML20 	 vBWML19     
vBWML20 	 vBWML21     
vBWML21 	 vBWML20     
vBWML21 	 vBWML22     
vBWML22 	 vBWML21     
vBWML22 	 vBWML23     
vBWML23 	 vBWML22     
vBWMR1 	 vBWMR2      
vBWMR1 	 vBWMR3      
vBWMR2 	 vBWMR1      
vBWMR2 	 vBWMR3      
vBWMR3 	 vBWMR1      
vBWMR3 	 vBWMR2      
vBWMR3 	 vBWMR4      
vBWMR4 	 vBWMR3      
vBWMR4 	 vBWMR5      
vBWMR5 	 vBWMR4      
vBWMR5 	 vBWMR6      
vBWMR6 	 vBWMR5      
vBWMR6 	 vBWMR7      
vBWMR7 	 vBWMR6      
vBWMR7 	 vBWMR8      
vBWMR8 	 DD01        
vBWMR8 	 vBWML9      
vBWMR8 	 vBWMR7      
vBWMR8 	 vBWMR9      
vBWMR9 	 vBWMR8      
vBWMR9 	 vBWMR10     
vBWMR10 	 vBWMR9      
vBWMR10 	 vBWMR11     
vBWMR11 	 vBWMR10     
vBWMR11 	 vBWMR12     
vBWMR12 	 vBWMR11     
vBWMR12 	 vBWMR13     
vBWMR13 	 vBWMR12     
vBWMR13 	 vBWMR14     
vBWMR14 	 vBWMR13     
vBWMR14 	 vBWMR15     
vBWMR15 	 vBWMR14     
vBWMR15 	 vBWMR16     
vBWMR16 	 vBWMR15     
vBWMR16 	 vBWMR17     
vBWMR17 	 vBWMR16     
vBWMR17 	 vBWMR18     
vBWMR18 	 vBWMR17     
vBWMR18 	 vBWMR19     
vBWMR19 	 vBWMR18     
vBWMR19 	 vBWMR20     
vBWMR20 	 vBWMR19     
vBWMR20 	 vBWMR21     
vBWMR21 	 vBWMR20     
vBWMR21 	 vBWMR22     
vBWMR22 	 vBWMR21     
vBWMR22 	 vBWMR23     
vBWMR23 	 vBWMR22     
vBWMR23 	 vBWMR24     
vBWMR24 	 vBWMR23     
hyp 	 ADLL        
hyp 	 PLML        
hyp 	 PLMR        
hyp 	 ALNL        
hyp 	 PLNL        
hyp 	 PLNR        
hyp 	 PQR         
hyp 	 PDER        
hyp 	 PHAL        
hyp 	 PHAR        
hyp 	 PHBL        
hyp 	 PHBR        
hyp 	 PHCL        
hyp 	 AVFL        
hyp 	 AVFR        
hyp 	 AVG         
hyp 	 AVHL        
hyp 	 AVHR        
hyp 	 AVJL        
hyp 	 AVJR        
hyp 	 AVKL        
hyp 	 AVKR        
hyp 	 DVA         
hyp 	 DVB         
hyp 	 DVC         
hyp 	 PVNL        
hyp 	 PVNR        
hyp 	 PVPL        
hyp 	 PVPR        
hyp 	 PVQL        
hyp 	 PVQR        
hyp 	 PVR         
hyp 	 PVT         
hyp 	 PVWL        
hyp 	 PVWR        
hyp 	 PVCL        
hyp 	 PVCR        
hyp 	 AVAL        
hyp 	 AVAR        
hyp 	 AVBR        
hyp 	 AVDL        
hyp 	 LUAR        
hyp 	 DA08        
hyp 	 DA09        
hyp 	 PDA         
hyp 	 DB07        
hyp 	 AS10        
hyp 	 AS11        
hyp 	 PDB         
hyp 	 VA02        
hyp 	 VA10        
hyp 	 VA11        
hyp 	 VB11        
hyp 	 VD11        
hyp 	 VD12        
hyp 	 hyp         
intL 	 intR        
intL 	 sph         
intL 	 anal        
intR 	 intL        
intR 	 sph         
intR 	 anal        
sph 	 intL        
sph 	 intR        
sph 	 anal        
anal 	 intL        
anal 	 intR        
anal 	 sph         
HSNL 	 ASKL        
HSNL 	 RIFL        
HSNL 	 PVPL        
HSNL 	 HSNR        
HSNR 	 ASKR        
HSNR 	 BDUR        
HSNR 	 ALA         
HSNR 	 PVNR        
HSNR 	 PVPR        
HSNR 	 HSNL        
VC01 	 PVPR        
VC01 	 DD01        
VC01 	 VC02        
VC01 	 VC03        
VC02 	 VD01        
VC02 	 VC01        
VC02 	 VC02        
VC02 	 VC03        
VC03 	 PVT         
VC03 	 VC01        
VC03 	 VC02        
VC03 	 VC04        
VC03 	 vm2aL       
VC03 	 vm2aR       
VC03 	 vm2pL       
VC03 	 vm2pR       
VC04 	 VC03        
VC04 	 VC05        
VC05 	 AVFL        
VC05 	 VC04        
VC05 	 VC06        
VC06 	 AVL         
VC06 	 DVC         
VC06 	 PVNR        
VC06 	 PVPR        
VC06 	 PVT         
VC06 	 VD12        
VC06 	 VC05        
um2aL  	 um2aR       
um2aL  	 um1aL       
um2aR 	 um2aL       
um2aR 	 um1aR       
um1aL 	 um2aL       
um1aL 	 um1aR       
um1aL 	 um1pL       
um1aL 	 vm2aL       
um1aR 	 um2aR       
um1aR 	 um1aL       
um1aR 	 um1pR       
um1aR 	 vm2aR       
um1pL 	 um1aL       
um1pL 	 um1pR       
um1pL 	 um2pL       
um1pL 	 vm2pL       
um1pR 	 um1aR       
um1pR 	 um1pL       
um1pR 	 um2pR       
um1pR 	 vm2pR       
um2pL 	 um1pL       
um2pL 	 um2pR       
um2pR 	 um1pR       
um2pR 	 um2pL       
vm2aL  	 VC03        
vm2aL  	 um1aL       
vm2aL  	 vm2aR       
vm2aL  	 vm1aL       
vm2aR 	 VC03        
vm2aR 	 um1aR       
vm2aR 	 vm2aL       
vm2aR 	 vm1aR       
vm1aL 	 vm2aL       
vm1aL 	 vm1aR       
vm1aL 	 vm1pL       
vm1aR 	 vm2aR       
vm1aR 	 vm1aL       
vm1aR 	 vm1pR       
vm1pL 	 vm1aL       
vm1pL 	 vm1pR       
vm1pL 	 vm2pL       
vm1pR 	 vm1aR       
vm1pR 	 vm1pL       
vm1pR 	 vm2pR       
vm2pL 	 VC03        
vm2pL 	 um1pL       
vm2pL 	 vm1pL       
vm2pL 	 vm2pR       
vm2pR 	 VC03        
vm2pR 	 um1pR       
vm2pR 	 vm1pR       
vm2pR 	 vm2pL       